Date,Action,Shares,Balance,Profit,Initial Balance,Final Balance,Total Profit,Percentage Change,Number of Trades,Buy Signals,Sell Signals
2022-03-21 00:00:00,Buy,170.55850554435492,900.1,,1000,6556.790031282429,5556.790031282429,555.6790031282428,247,124,123
2022-03-23 00:00:00,Sell,0.0,1000.826730405746,0.7268304057459858,1000,6556.790031282429,5556.790031282429,555.6790031282428,247,124,123
2022-03-25 00:00:00,Buy,185.16926566665322,900.9267304057461,,1000,6556.790031282429,5556.790031282429,555.6790031282428,247,124,123
2022-03-31 00:00:00,Sell,0.0,1004.76685816629,3.8402277605439963,1000,6556.790031282429,5556.790031282429,555.6790031282428,247,124,123
2022-04-01 00:00:00,Buy,188.54707869582,904.8668581662901,,1000,6556.790031282429,5556.790031282429,555.6790031282428,247,124,123
2022-04-04 00:00:00,Sell,0.0,1006.3085155309484,1.4417573646582866,1000,6556.790031282429,5556.790031282429,555.6790031282428,247,124,123
2022-04-05 00:00:00,Buy,199.8905121249331,906.4085155309484,,1000,6556.790031282429,5556.790031282429,555.6790031282428,247,124,123
2022-04-06 00:00:00,Sell,0.0,1005.0773495381035,-1.331065992844941,1000,6556.790031282429,5556.790031282429,555.6790031282428,247,124,123
2022-04-12 00:00:00,Buy,204.66212142883433,905.1773495381035,,1000,6556.790031282429,5556.790031282429,555.6790031282428,247,124,123
2022-04-13 00:00:00,Sell,0.0,1005.4104415304372,0.23319199233370114,1000,6556.790031282429,5556.790031282429,555.6790031282428,247,124,123
2022-04-14 00:00:00,Buy,216.91230101783046,905.5104415304372,,1000,6556.790031282429,5556.790031282429,555.6790031282428,247,124,123
2022-04-18 00:00:00,Sell,0.0,1004.36635607559,-1.1439854548472255,1000,6556.790031282429,5556.790031282429,555.6790031282428,247,124,123
2022-04-19 00:00:00,Buy,236.59365495542733,904.46635607559,,1000,6556.790031282429,5556.790031282429,555.6790031282428,247,124,123
2022-04-20 00:00:00,Sell,0.0,1006.8331579109337,2.3669018353436115,1000,6556.790031282429,5556.790031282429,555.6790031282428,247,124,123
2022-04-21 00:00:00,Buy,238.8712849138921,906.9331579109337,,1000,6556.790031282429,5556.790031282429,555.6790031282428,247,124,123
2022-04-26 00:00:00,Sell,0.0,1016.1211721025721,9.18811419163842,1000,6556.790031282429,5556.790031282429,555.6790031282428,247,124,123
2022-05-02 00:00:00,Buy,257.1210342390386,916.2211721025722,,1000,6556.790031282429,5556.790031282429,555.6790031282428,247,124,123
2022-05-03 00:00:00,Sell,0.0,1017.2882160229052,1.0671439203330948,1000,6556.790031282429,5556.790031282429,555.6790031282428,247,124,123
2022-05-09 00:00:00,Buy,246.4940819490591,917.3882160229052,,1000,6556.790031282429,5556.790031282429,555.6790031282428,247,124,123
2022-05-12 00:00:00,Sell,0.0,1025.7489959431714,8.360879920266129,1000,6556.790031282429,5556.790031282429,555.6790031282428,247,124,123
2022-05-13 00:00:00,Buy,235.15686112776282,925.8489959431714,,1000,6556.790031282429,5556.790031282429,555.6790031282428,247,124,123
2022-05-20 00:00:00,Sell,0.0,1031.8853623283173,6.036466385145829,1000,6556.790031282429,5556.790031282429,555.6790031282428,247,124,123
2022-05-23 00:00:00,Buy,229.7369741461567,931.9853623283174,,1000,6556.790031282429,5556.790031282429,555.6790031282428,247,124,123
2022-05-27 00:00:00,Sell,0.0,1046.186938568103,14.201676239785641,1000,6556.790031282429,5556.790031282429,555.6790031282428,247,124,123
2022-06-01 00:00:00,Buy,226.33460421954925,946.286938568103,,1000,6556.790031282429,5556.790031282429,555.6790031282428,247,124,123
2022-06-02 00:00:00,Sell,0.0,1047.0722378409425,0.7853992728394985,1000,6556.790031282429,5556.790031282429,555.6790031282428,247,124,123
2022-06-06 00:00:00,Buy,240.37935027118672,947.1722378409426,,1000,6556.790031282429,5556.790031282429,555.6790031282428,247,124,123
2022-06-07 00:00:00,Sell,0.0,1049.4587579442975,2.2866201033550055,1000,6556.790031282429,5556.790031282429,555.6790031282428,247,124,123
2022-06-14 00:00:00,Buy,417.14483123388044,949.5587579442976,,1000,6556.790031282429,5556.790031282429,555.6790031282428,247,124,123
2022-06-16 00:00:00,Sell,0.0,1081.9259997158908,32.3673417715932,1000,6556.790031282429,5556.790031282429,555.6790031282428,247,124,123
2022-06-22 00:00:00,Buy,289.15600832185015,982.0259997158909,,1000,6556.790031282429,5556.790031282429,555.6790031282428,247,124,123
2022-06-23 00:00:00,Sell,0.0,1086.9342677146824,4.908367998791476,1000,6556.790031282429,5556.790031282429,555.6790031282428,247,124,123
2022-06-29 00:00:00,Buy,281.67391947476426,987.0342677146824,,1000,6556.790031282429,5556.790031282429,555.6790031282428,247,124,123
2022-07-05 00:00:00,Sell,0.0,1112.5845365615849,25.550368846902543,1000,6556.790031282429,5556.790031282429,555.6790031282428,247,124,123
2022-07-06 00:00:00,Buy,245.40700771775084,1012.6845365615849,,1000,6556.790031282429,5556.790031282429,555.6790031282428,247,124,123
2022-07-07 00:00:00,Sell,0.0,1108.5019242528747,-4.182512308710187,1000,6556.790031282429,5556.790031282429,555.6790031282428,247,124,123
2022-07-08 00:00:00,Buy,264.7584048340281,1008.6019242528747,,1000,6556.790031282429,5556.790031282429,555.6790031282428,247,124,123
2022-07-11 00:00:00,Sell,0.0,1112.8301626935513,4.228338440676637,1000,6556.790031282429,5556.790031282429,555.6790031282428,247,124,123
2022-07-20 00:00:00,Buy,263.23828707288953,1012.9301626935513,,1000,6556.790031282429,5556.790031282429,555.6790031282428,247,124,123
2022-07-22 00:00:00,Sell,0.0,1135.5595395028245,22.62947680927313,1000,6556.790031282429,5556.790031282429,555.6790031282428,247,124,123
2022-07-26 00:00:00,Buy,221.78900135809448,1035.6595395028244,,1000,6556.790031282429,5556.790031282429,555.6790031282428,247,124,123
2022-07-29 00:00:00,Sell,0.0,1151.220488751592,15.561049248767674,1000,6556.790031282429,5556.790031282429,555.6790031282428,247,124,123
2022-08-02 00:00:00,Buy,211.70413180402733,1051.320488751592,,1000,6556.790031282429,5556.790031282429,555.6790031282428,247,124,123
2022-08-03 00:00:00,Sell,0.0,1153.6678685658771,2.3474798142852222,1000,6556.790031282429,5556.790031282429,555.6790031282428,247,124,123
2022-08-05 00:00:00,Buy,221.96069307545008,1053.767868565877,,1000,6556.790031282429,5556.790031282429,555.6790031282428,247,124,123
2022-08-08 00:00:00,Sell,0.0,1157.0503034620797,3.282534896202563,1000,6556.790031282429,5556.790031282429,555.6790031282428,247,124,123
2022-08-09 00:00:00,Buy,221.24097744360884,1057.1503034620796,,1000,6556.790031282429,5556.790031282429,555.6790031282428,247,124,123
2022-08-10 00:00:00,Sell,0.0,1162.4092248906506,5.25902142857116,1000,6556.790031282429,5556.790031282429,555.6790031282428,247,124,123
2022-08-11 00:00:00,Buy,223.63673958765966,1062.5092248906506,,1000,6556.790031282429,5556.790031282429,555.6790031282428,247,124,123
2022-08-16 00:00:00,Sell,0.0,1165.9348650114862,3.4257401208356555,1000,6556.790031282429,5556.790031282429,555.6790031282428,247,124,123
2022-08-17 00:00:00,Buy,229.41494345718888,1066.034865011486,,1000,6556.790031282429,5556.790031282429,555.6790031282428,247,124,123
2022-08-18 00:00:00,Sell,0.0,1167.794387468281,1.759622456794844,1000,6556.790031282429,5556.790031282429,555.6790031282428,247,124,123
2022-08-24 00:00:00,Buy,258.8749759637751,1067.894387468281,,1000,6556.790031282429,5556.790031282429,555.6790031282428,247,124,123
2022-08-25 00:00:00,Sell,0.0,1173.4193216772564,5.525034208975555,1000,6556.790031282429,5556.790031282429,555.6790031282428,247,124,123
2022-09-01 00:00:00,Buy,297.4628188070952,1073.5193216772564,,1000,6556.790031282429,5556.790031282429,555.6790031282428,247,124,123
2022-09-02 00:00:00,Sell,0.0,1180.729058352991,7.209836675734664,1000,6556.790031282429,5556.790031282429,555.6790031282428,247,124,123
2022-09-06 00:00:00,Buy,310.9038909467145,1080.8290583529908,,1000,6556.790031282429,5556.790031282429,555.6790031282428,247,124,123
2022-09-07 00:00:00,Sell,0.0,1188.6631438474556,7.83418549446462,1000,6556.790031282429,5556.790031282429,555.6790031282428,247,124,123
2022-09-15 00:00:00,Buy,368.04378307007977,1088.7631438474555,,1000,6556.790031282429,5556.790031282429,555.6790031282428,247,124,123
2022-09-16 00:00:00,Sell,0.0,1191.7675628260065,3.004518978551104,1000,6556.790031282429,5556.790031282429,555.6790031282428,247,124,123
2022-09-20 00:00:00,Buy,409.9536013162678,1091.8675628260064,,1000,6556.790031282429,5556.790031282429,555.6790031282428,247,124,123
2022-09-21 00:00:00,Sell,0.0,1194.8229483819957,2.955485555989327,1000,6556.790031282429,5556.790031282429,555.6790031282428,247,124,123
2022-09-28 00:00:00,Buy,697.4158905444918,1094.9229483819956,,1000,6556.790031282429,5556.790031282429,555.6790031282428,247,124,123
2022-09-29 00:00:00,Sell,0.0,1178.8568569281592,-16.065991453836432,1000,6556.790031282429,5556.790031282429,555.6790031282428,247,124,123
2022-09-30 00:00:00,Buy,923.143077546962,1078.9568569281591,,1000,6556.790031282429,5556.790031282429,555.6790031282428,247,124,123
2022-10-04 00:00:00,Sell,0.0,1240.9176294632284,61.9608725350694,1000,6556.790031282429,5556.790031282429,555.6790031282428,247,124,123
2022-10-11 00:00:00,Buy,1104.3071839650777,1141.0176294632283,,1000,6556.790031282429,5556.790031282429,555.6790031282428,247,124,123
2022-10-12 00:00:00,Sell,0.0,1248.913059250885,7.895529787656756,1000,6556.790031282429,5556.790031282429,555.6790031282428,247,124,123
2022-10-14 00:00:00,Buy,1606.3240278832118,1149.013059250885,,1000,6556.790031282429,5556.790031282429,555.6790031282428,247,124,123
2022-10-18 00:00:00,Sell,0.0,1274.8405917003954,25.82763244951049,1000,6556.790031282429,5556.790031282429,555.6790031282428,247,124,123
2022-10-21 00:00:00,Buy,2497.2874574074117,1174.9405917003953,,1000,6556.790031282429,5556.790031282429,555.6790031282428,247,124,123
2022-10-28 00:00:00,Sell,0.0,1417.1328726737545,142.19238097335918,1000,6556.790031282429,5556.790031282429,555.6790031282428,247,124,123
2022-10-31 00:00:00,Buy,1328.0794959736224,1317.2328726737544,,1000,6556.790031282429,5556.790031282429,555.6790031282428,247,124,123
2022-11-01 00:00:00,Sell,0.0,1420.8828046036742,3.650031929919919,1000,6556.790031282429,5556.790031282429,555.6790031282428,247,124,123
2022-11-03 00:00:00,Buy,2000.8030855483858,1320.9828046036741,,1000,6556.790031282429,5556.790031282429,555.6790031282428,247,124,123
2022-11-04 00:00:00,Sell,0.0,1437.888949017193,16.90624441351889,1000,6556.790031282429,5556.790031282429,555.6790031282428,247,124,123
2022-11-07 00:00:00,Buy,2175.908489623314,1337.988949017193,,1000,6556.790031282429,5556.790031282429,555.6790031282428,247,124,123
2022-11-10 00:00:00,Sell,0.0,1715.7244286693235,277.7355796521307,1000,6556.790031282429,5556.790031282429,555.6790031282428,247,124,123
2022-11-14 00:00:00,Buy,628.3007648623347,1615.8244286693234,,1000,6556.790031282429,5556.790031282429,555.6790031282428,247,124,123
2022-11-17 00:00:00,Sell,0.0,1732.6044183873826,16.78008971805923,1000,6556.790031282429,5556.790031282429,555.6790031282428,247,124,123
2022-11-21 00:00:00,Buy,598.7618025306361,1632.7044183873825,,1000,6556.790031282429,5556.790031282429,555.6790031282428,247,124,123
2022-11-28 00:00:00,Sell,0.0,1756.7297820753365,24.025463687954115,1000,6556.790031282429,5556.790031282429,555.6790031282428,247,124,123
2022-11-29 00:00:00,Buy,524.7059624921424,1656.8297820753364,,1000,6556.790031282429,5556.790031282429,555.6790031282428,247,124,123
2022-12-02 00:00:00,Sell,0.0,1801.6281069499607,44.79842487462439,1000,6556.790031282429,5556.790031282429,555.6790031282428,247,124,123
2022-12-05 00:00:00,Buy,420.7427905335583,1701.7281069499606,,1000,6556.790031282429,5556.790031282429,555.6790031282428,247,124,123
2022-12-06 00:00:00,Sell,0.0,1807.2097415443097,5.4817345943491205,1000,6556.790031282429,5556.790031282429,555.6790031282428,247,124,123
2022-12-13 00:00:00,Buy,357.71772275766256,1707.3097415443096,,1000,6556.790031282429,5556.790031282429,555.6790031282428,247,124,123
2022-12-15 00:00:00,Sell,0.0,1811.7720807447536,4.462439200443981,1000,6556.790031282429,5556.790031282429,555.6790031282428,247,124,123
2022-12-28 00:00:00,Buy,571.9343927368244,1711.8720807447535,,1000,6556.790031282429,5556.790031282429,555.6790031282428,247,124,123
2022-12-29 00:00:00,Sell,0.0,1819.5199535067015,7.647972761948083,1000,6556.790031282429,5556.790031282429,555.6790031282428,247,124,123
2022-12-30 00:00:00,Buy,572.7913065855398,1719.6199535067014,,1000,6556.790031282429,5556.790031282429,555.6790031282428,247,124,123
2023-01-04 00:00:00,Sell,0.0,1841.7369815724426,22.117128065741113,1000,6556.790031282429,5556.790031282429,555.6790031282428,247,124,123
2023-01-05 00:00:00,Buy,493.8900130174961,1741.8369815724425,,1000,6556.790031282429,5556.790031282429,555.6790031282428,247,124,123
2023-01-09 00:00:00,Sell,0.0,1878.1270446984165,36.29016312597406,1000,6556.790031282429,5556.790031282429,555.6790031282428,247,124,123
2023-01-10 00:00:00,Buy,387.8303272869957,1778.2270446984164,,1000,6556.790031282429,5556.790031282429,555.6790031282428,247,124,123
2023-01-12 00:00:00,Sell,0.0,1901.0962426903986,22.86929799198232,1000,6556.790031282429,5556.790031282429,555.6790031282428,247,124,123
2023-01-17 00:00:00,Buy,339.02336202072416,1801.1962426903985,,1000,6556.790031282429,5556.790031282429,555.6790031282428,247,124,123
2023-01-18 00:00:00,Sell,0.0,1917.0359983570988,15.839855666700217,1000,6556.790031282429,5556.790031282429,555.6790031282428,247,124,123
2023-01-23 00:00:00,Buy,324.7689898166747,1817.1359983570987,,1000,6556.790031282429,5556.790031282429,555.6790031282428,247,124,123
2023-01-25 00:00:00,Sell,0.0,1920.8947162154232,3.758817858324363,1000,6556.790031282429,5556.790031282429,555.6790031282428,247,124,123
2023-01-30 00:00:00,Buy,343.7612806022055,1820.994716215423,,1000,6556.790031282429,5556.790031282429,555.6790031282428,247,124,123
2023-02-02 00:00:00,Sell,0.0,1939.922750084457,18.92813386903393,1000,6556.790031282429,5556.790031282429,555.6790031282428,247,124,123
2023-02-10 00:00:00,Buy,430.20113646125145,1840.022750084457,,1000,6556.790031282429,5556.790031282429,555.6790031282428,247,124,123
2023-02-13 00:00:00,Sell,0.0,1940.796727054581,0.7740769701240566,1000,6556.790031282429,5556.790031282429,555.6790031282428,247,124,123
2023-02-14 00:00:00,Buy,468.4784095763421,1840.8967270545809,,1000,6556.790031282429,5556.790031282429,555.6790031282428,247,124,123
2023-02-15 00:00:00,Sell,0.0,1938.9716019912053,-1.9250250633756991,1000,6556.790031282429,5556.790031282429,555.6790031282428,247,124,123
2023-02-21 00:00:00,Buy,553.8878884735356,1839.0716019912052,,1000,6556.790031282429,5556.790031282429,555.6790031282428,247,124,123
2023-02-23 00:00:00,Sell,0.0,1943.2602661885999,4.188764197394676,1000,6556.790031282429,5556.790031282429,555.6790031282428,247,124,123
2023-02-24 00:00:00,Buy,614.7878146687177,1843.3602661885998,,1000,6556.790031282429,5556.790031282429,555.6790031282428,247,124,123
2023-02-28 00:00:00,Sell,0.0,1950.6703661845077,7.3101999959079365,1000,6556.790031282429,5556.790031282429,555.6790031282428,247,124,123
2023-03-02 00:00:00,Buy,692.8202440295331,1850.7703661845076,,1000,6556.790031282429,5556.790031282429,555.6790031282428,247,124,123
2023-03-06 00:00:00,Sell,0.0,1969.5715061634805,18.801239978972987,1000,6556.790031282429,5556.790031282429,555.6790031282428,247,124,123
2023-03-08 00:00:00,Buy,721.6067840813025,1869.6715061634804,,1000,6556.790031282429,5556.790031282429,555.6790031282428,247,124,123
2023-03-13 00:00:00,Sell,0.0,2082.8927939300406,113.22138776656031,1000,6556.790031282429,5556.790031282429,555.6790031282428,247,124,123
2023-03-14 00:00:00,Buy,384.92597176675554,1982.9927939300405,,1000,6556.790031282429,5556.790031282429,555.6790031282428,247,124,123
2023-03-15 00:00:00,Sell,0.0,2104.86489596017,21.872202030129344,1000,6556.790031282429,5556.790031282429,555.6790031282428,247,124,123
2023-03-21 00:00:00,Buy,343.70937738775615,2004.96489596017,,1000,6556.790031282429,5556.790031282429,555.6790031282428,247,124,123
2023-03-24 00:00:00,Sell,0.0,2136.796616659694,31.83182069952393,1000,6556.790031282429,5556.790031282429,555.6790031282428,247,124,123
2023-03-29 00:00:00,Buy,338.6626663510949,2036.8966166596938,,1000,6556.790031282429,5556.790031282429,555.6790031282428,247,124,123
2023-04-04 00:00:00,Sell,0.0,2166.17648382361,29.27996716391614,1000,6556.790031282429,5556.790031282429,555.6790031282428,247,124,123
2023-04-11 00:00:00,Buy,283.84292604501564,2066.27648382361,,1000,6556.790031282429,5556.790031282429,555.6790031282428,247,124,123
2023-04-12 00:00:00,Sell,0.0,2169.7339461471106,3.457562323500568,1000,6556.790031282429,5556.790031282429,555.6790031282428,247,124,123
2023-04-17 00:00:00,Buy,311.1066816445277,2069.8339461471105,,1000,6556.790031282429,5556.790031282429,555.6790031282428,247,124,123
2023-04-18 00:00:00,Sell,0.0,2170.853093824127,1.0192476770164234,1000,6556.790031282429,5556.790031282429,555.6790031282428,247,124,123
2023-04-20 00:00:00,Buy,297.3697961776878,2070.953093824127,,1000,6556.790031282429,5556.790031282429,555.6790031282428,247,124,123
2023-04-25 00:00:00,Sell,0.0,2186.8310277805913,15.878033956464336,1000,6556.790031282429,5556.790031282429,555.6790031282428,247,124,123
2023-04-27 00:00:00,Buy,285.5329649612599,2086.931027780591,,1000,6556.790031282429,5556.790031282429,555.6790031282428,247,124,123
2023-04-28 00:00:00,Sell,0.0,2192.630305662113,5.699377881521826,1000,6556.790031282429,5556.790031282429,555.6790031282428,247,124,123
2023-05-01 00:00:00,Buy,293.5846734198587,2092.730305662113,,1000,6556.790031282429,5556.790031282429,555.6790031282428,247,124,123
2023-05-04 00:00:00,Sell,0.0,2213.6208062319133,20.890600569800426,1000,6556.790031282429,5556.790031282429,555.6790031282428,247,124,123
2023-05-08 00:00:00,Buy,275.96422210956655,2113.7208062319132,,1000,6556.790031282429,5556.790031282429,555.6790031282428,247,124,123
2023-05-11 00:00:00,Sell,0.0,2226.875026814022,13.154320582108781,1000,6556.790031282429,5556.790031282429,555.6790031282428,247,124,123
2023-05-22 00:00:00,Buy,329.1236879460594,2126.975026814022,,1000,6556.790031282429,5556.790031282429,555.6790031282428,247,124,123
2023-05-23 00:00:00,Sell,0.0,2228.6176655388354,1.6427387248135403,1000,6556.790031282429,5556.790031282429,555.6790031282428,247,124,123
2023-05-25 00:00:00,Buy,375.74039368582135,2128.7176655388353,,1000,6556.790031282429,5556.790031282429,555.6790031282428,247,124,123
2023-06-01 00:00:00,Sell,0.0,2253.419495578699,24.70193003986377,1000,6556.790031282429,5556.790031282429,555.6790031282428,247,124,123
2023-06-02 00:00:00,Buy,333.2866868827582,2153.5194955786988,,1000,6556.790031282429,5556.790031282429,555.6790031282428,247,124,123
2023-06-05 00:00:00,Sell,0.0,2254.413687128313,0.8942915496145503,1000,6556.790031282429,5556.790031282429,555.6790031282428,247,124,123
2023-06-07 00:00:00,Buy,364.5786143788945,2154.513687128313,,1000,6556.790031282429,5556.790031282429,555.6790031282428,247,124,123
2023-06-08 00:00:00,Sell,0.0,2263.5950336886476,9.081446560334456,1000,6556.790031282429,5556.790031282429,555.6790031282428,247,124,123
2023-06-09 00:00:00,Buy,357.0826378771501,2163.6950336886475,,1000,6556.790031282429,5556.790031282429,555.6790031282428,247,124,123
2023-06-12 00:00:00,Sell,0.0,2266.302548891319,2.607615202671397,1000,6556.790031282429,5556.790031282429,555.6790031282428,247,124,123
2023-06-13 00:00:00,Buy,389.2924462743112,2166.402548891319,,1000,6556.790031282429,5556.790031282429,555.6790031282428,247,124,123
2023-06-14 00:00:00,Sell,0.0,2269.0835815550354,2.681132663716312,1000,6556.790031282429,5556.790031282429,555.6790031282428,247,124,123
2023-06-16 00:00:00,Buy,359.95367813530936,2169.1835815550353,,1000,6556.790031282429,5556.790031282429,555.6790031282428,247,124,123
2023-06-20 00:00:00,Sell,0.0,2274.0482977093625,4.864816154327215,1000,6556.790031282429,5556.790031282429,555.6790031282428,247,124,123
2023-06-22 00:00:00,Buy,370.18295566259735,2174.1482977093624,,1000,6556.790031282429,5556.790031282429,555.6790031282428,247,124,123
2023-06-26 00:00:00,Sell,0.0,2281.6031033701115,7.454905660749077,1000,6556.790031282429,5556.790031282429,555.6790031282428,247,124,123
2023-06-27 00:00:00,Buy,365.70651651644374,2181.7031033701114,,1000,6556.790031282429,5556.790031282429,555.6790031282428,247,124,123
2023-06-28 00:00:00,Sell,0.0,2282.681128913824,0.9781255437125083,1000,6556.790031282429,5556.790031282429,555.6790031282428,247,124,123
2023-06-29 00:00:00,Buy,420.0029780108577,2182.781128913824,,1000,6556.790031282429,5556.790031282429,555.6790031282428,247,124,123
2023-06-30 00:00:00,Sell,0.0,2286.684024578055,3.9029956642309145,1000,6556.790031282429,5556.790031282429,555.6790031282428,247,124,123
2023-07-06 00:00:00,Buy,535.4909606412594,2186.784024578055,,1000,6556.790031282429,5556.790031282429,555.6790031282428,247,124,123
2023-07-13 00:00:00,Sell,0.0,2347.6081901723924,60.82426559433736,1000,6556.790031282429,5556.790031282429,555.6790031282428,247,124,123
2023-07-17 00:00:00,Buy,355.58762413496095,2247.7081901723923,,1000,6556.790031282429,5556.790031282429,555.6790031282428,247,124,123
2023-07-19 00:00:00,Sell,0.0,2353.077882332838,5.369792160445712,1000,6556.790031282429,5556.790031282429,555.6790031282428,247,124,123
2023-07-20 00:00:00,Buy,371.7197863860043,2253.1778823328377,,1000,6556.790031282429,5556.790031282429,555.6790031282428,247,124,123
2023-07-21 00:00:00,Sell,0.0,2354.2725611399246,1.0947788070867546,1000,6556.790031282429,5556.790031282429,555.6790031282428,247,124,123
2023-07-24 00:00:00,Buy,383.76676645406553,2254.3725611399245,,1000,6556.790031282429,5556.790031282429,555.6790031282428,247,124,123
2023-07-26 00:00:00,Sell,0.0,2355.930320008785,1.5578588688604498,1000,6556.790031282429,5556.790031282429,555.6790031282428,247,124,123
2023-07-27 00:00:00,Buy,430.24918256716006,2256.030320008785,,1000,6556.790031282429,5556.790031282429,555.6790031282428,247,124,123
2023-07-31 00:00:00,Sell,0.0,2365.3002020939907,9.269982085205527,1000,6556.790031282429,5556.790031282429,555.6790031282428,247,124,123
2023-08-03 00:00:00,Buy,482.4785575511971,2265.4002020939906,,1000,6556.790031282429,5556.790031282429,555.6790031282428,247,124,123
2023-08-04 00:00:00,Sell,0.0,2387.002099142491,21.60199704850018,1000,6556.790031282429,5556.790031282429,555.6790031282428,247,124,123
2023-08-16 00:00:00,Buy,541.8700375085659,2287.1020991424907,,1000,6556.790031282429,5556.790031282429,555.6790031282428,247,124,123
2023-08-18 00:00:00,Sell,0.0,2392.72384164763,5.62184250513927,1000,6556.790031282429,5556.790031282429,555.6790031282428,247,124,123
2023-08-21 00:00:00,Buy,579.8319110672012,2292.8238416476297,,1000,6556.790031282429,5556.790031282429,555.6790031282428,247,124,123
2023-08-23 00:00:00,Sell,0.0,2414.962522288421,22.138780640791325,1000,6556.790031282429,5556.790031282429,555.6790031282428,247,124,123
2023-08-25 00:00:00,Buy,516.1296377852137,2315.062522288421,,1000,6556.790031282429,5556.790031282429,555.6790031282428,247,124,123
2023-09-05 00:00:00,Sell,0.0,2422.888511648705,7.826089360284044,1000,6556.790031282429,5556.790031282429,555.6790031282428,247,124,123
2023-09-06 00:00:00,Buy,516.0356835456512,2322.988511648705,,1000,6556.790031282429,5556.790031282429,555.6790031282428,247,124,123
2023-09-07 00:00:00,Sell,0.0,2432.5378979097854,9.54948626108066,1000,6556.790031282429,5556.790031282429,555.6790031282428,247,124,123
2023-09-12 00:00:00,Buy,478.7106830608061,2332.6378979097854,,1000,6556.790031282429,5556.790031282429,555.6790031282428,247,124,123
2023-09-13 00:00:00,Sell,0.0,2435.7765181355608,3.1387202257753586,1000,6556.790031282429,5556.790031282429,555.6790031282428,247,124,123
2023-09-21 00:00:00,Buy,609.0384541795214,2335.8765181355607,,1000,6556.790031282429,5556.790031282429,555.6790031282428,247,124,123
2023-09-22 00:00:00,Sell,0.0,2444.7439113943337,8.867493258773123,1000,6556.790031282429,5556.790031282429,555.6790031282428,247,124,123
2023-09-27 00:00:00,Buy,1749.75316539726,2344.8439113943336,,1000,6556.790031282429,5556.790031282429,555.6790031282428,247,124,123
2023-09-28 00:00:00,Sell,0.0,2476.117317567907,31.27350617357311,1000,6556.790031282429,5556.790031282429,555.6790031282428,247,124,123
2023-10-03 00:00:00,Buy,4688.102387044391,2376.217317567907,,1000,6556.790031282429,5556.790031282429,555.6790031282428,247,124,123
2023-10-05 00:00:00,Sell,0.0,2637.242785057296,161.02556748938926,1000,6556.790031282429,5556.790031282429,555.6790031282428,247,124,123
2023-10-06 00:00:00,Buy,2496.208697602556,2537.3427850572957,,1000,6556.790031282429,5556.790031282429,555.6790031282428,247,124,123
2023-10-09 00:00:00,Sell,0.0,2754.2188534369,116.87616837960451,1000,6556.790031282429,5556.790031282429,555.6790031282428,247,124,123
2023-10-10 00:00:00,Buy,1239.8747724403136,2654.3188534369,,1000,6556.790031282429,5556.790031282429,555.6790031282428,247,124,123
2023-10-11 00:00:00,Sell,0.0,2764.1683920283813,9.849638591481124,1000,6556.790031282429,5556.790031282429,555.6790031282428,247,124,123
2023-10-12 00:00:00,Buy,1592.9209637404688,2664.268392028381,,1000,6556.790031282429,5556.790031282429,555.6790031282428,247,124,123
2023-10-13 00:00:00,Sell,0.0,2791.791800129526,27.52350810114507,1000,6556.790031282429,5556.790031282429,555.6790031282428,247,124,123
2023-10-18 00:00:00,Buy,18021.3872256207,2691.891800129526,,1000,6556.790031282429,5556.790031282429,555.6790031282428,247,124,123
2023-11-22 00:00:00,Sell,0.0,6170.43464032384,3378.5429401943134,1000,6556.790031282429,5556.790031282429,555.6790031282428,247,124,123
2023-11-24 00:00:00,Buy,561.182637975857,6070.53464032384,,1000,6556.790031282429,5556.790031282429,555.6790031282428,247,124,123
2023-11-29 00:00:00,Sell,0.0,6212.329525574915,41.794985251075744,1000,6556.790031282429,5556.790031282429,555.6790031282428,247,124,123
2023-11-30 00:00:00,Buy,432.6365925085523,6112.429525574916,,1000,6556.790031282429,5556.790031282429,555.6790031282428,247,124,123
2023-12-01 00:00:00,Sell,0.0,6231.982387278575,19.552961703659122,1000,6556.790031282429,5556.790031282429,555.6790031282428,247,124,123
2023-12-04 00:00:00,Buy,384.65496306916384,6132.082387278575,,1000,6556.790031282429,5556.790031282429,555.6790031282428,247,124,123
2023-12-07 00:00:00,Sell,0.0,6244.655581657919,12.573294379344361,1000,6556.790031282429,5556.790031282429,555.6790031282428,247,124,123
2023-12-08 00:00:00,Buy,378.9951902993732,6144.75558165792,,1000,6556.790031282429,5556.790031282429,555.6790031282428,247,124,123
2023-12-14 00:00:00,Sell,0.0,6286.627112817424,41.871631159504275,1000,6556.790031282429,5556.790031282429,555.6790031282428,247,124,123
2023-12-18 00:00:00,Buy,276.9107664775057,6186.727112817424,,1000,6556.790031282429,5556.790031282429,555.6790031282428,247,124,123
2023-12-19 00:00:00,Sell,0.0,6288.060524710201,1.3335118927772527,1000,6556.790031282429,5556.790031282429,555.6790031282428,247,124,123
2023-12-21 00:00:00,Buy,259.0736198741572,6188.160524710202,,1000,6556.790031282429,5556.790031282429,555.6790031282428,247,124,123
2023-12-22 00:00:00,Sell,0.0,6288.267289453989,0.10686474378758248,1000,6556.790031282429,5556.790031282429,555.6790031282428,247,124,123
2024-01-05 00:00:00,Buy,336.69323405828794,6188.3672894539895,,1000,6556.790031282429,5556.790031282429,555.6790031282428,247,124,123
2024-01-08 00:00:00,Sell,0.0,6292.97786006006,4.610670606070883,1000,6556.790031282429,5556.790031282429,555.6790031282428,247,124,123
2024-01-10 00:00:00,Buy,324.30981514179626,6193.077860060061,,1000,6556.790031282429,5556.790031282429,555.6790031282428,247,124,123
2024-01-12 00:00:00,Sell,0.0,6308.156655372986,15.078895312925283,1000,6556.790031282429,5556.790031282429,555.6790031282428,247,124,123
2024-01-19 00:00:00,Buy,336.0320663903767,6208.256655372987,,1000,6556.790031282429,5556.790031282429,555.6790031282428,247,124,123
2024-01-22 00:00:00,Sell,0.0,6313.112462241273,4.855906868286382,1000,6556.790031282429,5556.790031282429,555.6790031282428,247,124,123
2024-01-26 00:00:00,Buy,321.5797393874674,6213.212462241273,,1000,6556.790031282429,5556.790031282429,555.6790031282428,247,124,123
2024-01-29 00:00:00,Sell,0.0,6319.7991664169385,6.586804175665421,1000,6556.790031282429,5556.790031282429,555.6790031282428,247,124,123
2024-01-30 00:00:00,Buy,307.369381575959,6219.899166416939,,1000,6556.790031282429,5556.790031282429,555.6790031282428,247,124,123
2024-02-01 00:00:00,Sell,0.0,6337.388417480446,17.489351063507442,1000,6556.790031282429,5556.790031282429,555.6790031282428,247,124,123
2024-02-05 00:00:00,Buy,335.7069559330217,6237.4884174804465,,1000,6556.790031282429,5556.790031282429,555.6790031282428,247,124,123
2024-02-07 00:00:00,Sell,0.0,6347.755189719054,10.266872238608016,1000,6556.790031282429,5556.790031282429,555.6790031282428,247,124,123
2024-02-09 00:00:00,Buy,327.07667337897817,6247.855189719055,,1000,6556.790031282429,5556.790031282429,555.6790031282428,247,124,123
2024-02-12 00:00:00,Sell,0.0,6349.332764813698,1.477675094643871,1000,6556.790031282429,5556.790031282429,555.6790031282428,247,124,123
2024-02-13 00:00:00,Buy,380.49248179138374,6249.432764813699,,1000,6556.790031282429,5556.790031282429,555.6790031282428,247,124,123
2024-02-15 00:00:00,Sell,0.0,6361.390558550086,11.95789373638766,1000,6556.790031282429,5556.790031282429,555.6790031282428,247,124,123
2024-02-16 00:00:00,Buy,362.81342665819886,6261.4905585500865,,1000,6556.790031282429,5556.790031282429,555.6790031282428,247,124,123
2024-02-20 00:00:00,Sell,0.0,6364.108425778521,2.6179672284350772,1000,6556.790031282429,5556.790031282429,555.6790031282428,247,124,123
2024-02-28 00:00:00,Buy,357.0716054928129,6264.208425778522,,1000,6556.790031282429,5556.790031282429,555.6790031282428,247,124,123
2024-03-01 00:00:00,Sell,0.0,6375.95580037426,11.747474595739064,1000,6556.790031282429,5556.790031282429,555.6790031282428,247,124,123
2024-03-04 00:00:00,Buy,327.8997151911159,6276.055800374261,,1000,6556.790031282429,5556.790031282429,555.6790031282428,247,124,123
2024-03-08 00:00:00,Sell,0.0,6391.086566309154,15.030865934892773,1000,6556.790031282429,5556.790031282429,555.6790031282428,247,124,123
2024-03-14 00:00:00,Buy,339.6863808294325,6291.186566309154,,1000,6556.790031282429,5556.790031282429,555.6790031282428,247,124,123
2024-03-15 00:00:00,Sell,0.0,6388.774517215886,-2.411949093268447,1000,6556.790031282429,5556.790031282429,555.6790031282428,247,124,123
2024-03-18 00:00:00,Buy,351.1324428292653,6288.874517215886,,1000,6556.790031282429,5556.790031282429,555.6790031282428,247,124,123
2024-03-22 00:00:00,Sell,0.0,6405.323788694672,16.449371478785523,1000,6556.790031282429,5556.790031282429,555.6790031282428,247,124,123
2024-03-26 00:00:00,Buy,358.9389465310013,6305.423788694672,,1000,6556.790031282429,5556.790031282429,555.6790031282428,247,124,123
2024-03-27 00:00:00,Sell,0.0,6410.12401902897,4.700330334297746,1000,6556.790031282429,5556.790031282429,555.6790031282428,247,124,123
2024-04-02 00:00:00,Buy,394.6403194540761,6310.22401902897,,1000,6556.790031282429,5556.790031282429,555.6790031282428,247,124,123
2024-04-05 00:00:00,Sell,0.0,6407.038336760484,-3.1855822684865274,1000,6556.790031282429,5556.790031282429,555.6790031282428,247,124,123
2024-04-08 00:00:00,Buy,425.3802528312576,6307.138336760484,,1000,6556.790031282429,5556.790031282429,555.6790031282428,247,124,123
2024-04-09 00:00:00,Sell,0.0,6413.604868695082,6.4666319345979275,1000,6556.790031282429,5556.790031282429,555.6790031282428,247,124,123
2024-04-10 00:00:00,Buy,523.2677710560145,6313.704868695082,,1000,6556.790031282429,5556.790031282429,555.6790031282428,247,124,123
2024-04-12 00:00:00,Sell,0.0,6421.8695230786825,8.164754383600368,1000,6556.790031282429,5556.790031282429,555.6790031282428,247,124,123
2024-04-16 00:00:00,Buy,597.5449231613621,6321.969523078683,,1000,6556.790031282429,5556.790031282429,555.6790031282428,247,124,123
2024-04-17 00:00:00,Sell,0.0,6436.487434800155,14.518011721471737,1000,6556.790031282429,5556.790031282429,555.6790031282428,247,124,123
2024-04-18 00:00:00,Buy,564.1092941702118,6336.587434800155,,1000,6556.790031282429,5556.790031282429,555.6790031282428,247,124,123
2024-04-23 00:00:00,Sell,0.0,6448.724887919676,12.137553119520675,1000,6556.790031282429,5556.790031282429,555.6790031282428,247,124,123
2024-04-25 00:00:00,Buy,594.0764293961366,6348.824887919676,,1000,6556.790031282429,5556.790031282429,555.6790031282428,247,124,123
2024-05-07 00:00:00,Sell,0.0,6500.348166308315,51.52337838863825,1000,6556.790031282429,5556.790031282429,555.6790031282428,247,124,123
2024-05-08 00:00:00,Buy,402.92181089713597,6400.448166308315,,1000,6556.790031282429,5556.790031282429,555.6790031282428,247,124,123
2024-05-09 00:00:00,Sell,0.0,6503.728410964203,3.2803446558877596,1000,6556.790031282429,5556.790031282429,555.6790031282428,247,124,123
2024-05-10 00:00:00,Buy,406.55135404997344,6403.828410964204,,1000,6556.790031282429,5556.790031282429,555.6790031282428,247,124,123
2024-05-15 00:00:00,Sell,0.0,6523.620235139841,19.791924175636964,1000,6556.790031282429,5556.790031282429,555.6790031282428,247,124,123
2024-05-23 00:00:00,Buy,393.24587449157474,6423.720235139841,,1000,6556.790031282429,5556.790031282429,555.6790031282428,247,124,123
2024-05-24 00:00:00,Sell,0.0,6526.680507074762,2.9603719349215964,1000,6556.790031282429,5556.790031282429,555.6790031282428,247,124,123
2024-05-28 00:00:00,Buy,411.9871704663245,6426.780507074763,,1000,6556.790031282429,5556.790031282429,555.6790031282428,247,124,123
